{
 "label": "q06",
 "N": 100,
 "K_max": 64,
 "n_cells": 1500,
 "union_over_k": {
  "5": {
   "1": 1.0,
   "2": 1.0132000000000019,
   "4": 1.0242666666666698,
   "8": 1.032400000000004,
   "16": 1.0388000000000048,
   "32": 1.045466666666672,
   "64": 1.0529333333333393
  },
  "20": {
   "1": 1.0,
   "2": 1.0114999999999936,
   "4": 1.0207666666666575,
   "8": 1.0294333333333225,
   "16": 1.0367333333333222,
   "32": 1.043299999999989,
   "64": 1.0484999999999898
  },
  "100": {
   "1": 1.0,
   "2": 1.0105266666666588,
   "4": 1.019266666666654,
   "8": 1.0266799999999852,
   "16": 1.0331799999999831,
   "32": 1.039253333333316,
   "64": 1.044373333333317
  }
 }
}