{
 "label": "moe30",
 "N": 100,
 "K_max": 64,
 "n_cells": 1500,
 "union_over_k": {
  "5": {
   "1": 1.0,
   "2": 1.0229333333333366,
   "4": 1.043066666666672,
   "8": 1.0577333333333394,
   "16": 1.0709333333333408,
   "32": 1.0846666666666749,
   "64": 1.095600000000009
  },
  "20": {
   "1": 1.0,
   "2": 1.0220666666666567,
   "4": 1.0403333333333231,
   "8": 1.0568999999999915,
   "16": 1.0707666666666604,
   "32": 1.0841999999999947,
   "64": 1.096133333333328
  },
  "100": {
   "1": 1.0,
   "2": 1.020313333333321,
   "4": 1.0379999999999843,
   "8": 1.0529933333333195,
   "16": 1.0665799999999874,
   "32": 1.078639999999991,
   "64": 1.0896666666666615
  }
 }
}