{
 "label": "q17",
 "N": 100,
 "K_max": 64,
 "n_cells": 1500,
 "union_over_k": {
  "5": {
   "1": 1.0,
   "2": 1.0108000000000015,
   "4": 1.0174666666666687,
   "8": 1.0245333333333364,
   "16": 1.0306666666666704,
   "32": 1.0357333333333376,
   "64": 1.0414666666666712
  },
  "20": {
   "1": 1.0,
   "2": 1.0105666666666608,
   "4": 1.0190333333333252,
   "8": 1.0261666666666573,
   "16": 1.0321999999999905,
   "32": 1.0375666666666563,
   "64": 1.0422666666666567
  },
  "100": {
   "1": 1.0,
   "2": 1.00890666666666,
   "4": 1.0160999999999891,
   "8": 1.022066666666653,
   "16": 1.0273133333333182,
   "32": 1.0319399999999839,
   "64": 1.0359999999999834
  }
 }
}