{
 "label": "q25",
 "N": 100,
 "K_max": 64,
 "n_cells": 1500,
 "union_over_k": {
  "5": {
   "1": 1.0,
   "2": 1.0093333333333347,
   "4": 1.0184000000000022,
   "8": 1.023733333333336,
   "16": 1.0285333333333369,
   "32": 1.0330666666666708,
   "64": 1.0362666666666713
  },
  "20": {
   "1": 1.0,
   "2": 1.0093333333333283,
   "4": 1.0166666666666593,
   "8": 1.0224333333333246,
   "16": 1.0266333333333237,
   "32": 1.031433333333323,
   "64": 1.0349333333333235
  },
  "100": {
   "1": 1.0,
   "2": 1.007566666666661,
   "4": 1.0139466666666566,
   "8": 1.0191399999999877,
   "16": 1.0235599999999858,
   "32": 1.027633333333318,
   "64": 1.0312466666666502
  }
 }
}