{
 "label": "q8b",
 "N": 100,
 "K_max": 64,
 "n_cells": 1500,
 "union_over_k": {
  "5": {
   "1": 1.0,
   "2": 1.0069333333333341,
   "4": 1.0136000000000016,
   "8": 1.0181333333333356,
   "16": 1.022666666666669,
   "32": 1.0274666666666696,
   "64": 1.0308000000000033
  },
  "20": {
   "1": 1.0,
   "2": 1.0077999999999965,
   "4": 1.014633333333327,
   "8": 1.020966666666659,
   "16": 1.0261999999999918,
   "32": 1.0307666666666584,
   "64": 1.0352666666666575
  },
  "100": {
   "1": 1.0,
   "2": 1.007639999999994,
   "4": 1.01423999999999,
   "8": 1.0196133333333206,
   "16": 1.024539999999985,
   "32": 1.0288533333333172,
   "64": 1.032699999999984
  }
 }
}