{
  "pools": {
    "pi": {
      "K": 8,
      "own_zero_cell_rep0": 0.0,
      "own_zero_traj_rep0": 0.0,
      "bit_agree_sample_vs_score0": 0.0012539062881842256,
      "self_tv_halves": 0.0021024520974606276,
      "reps_bit_identical": false
    },
    "mu": {
      "K": 8,
      "own_zero_cell_rep0": 0.0,
      "own_zero_traj_rep0": 0.0,
      "bit_agree_sample_vs_score0": 0.0011718750465661287,
      "self_tv_halves": 1.2069940567016602e-06,
      "reps_bit_identical": false
    }
  },
  "tv_vs_n": [
    {
      "n": 10,
      "TV": 0.0018357678782194853,
      "TV_se": 0.00034658549182479183,
      "mismatch": 0.0,
      "per_pool": {
        "pi": {
          "dm": 0.001878289389424026,
          "se": 0.0004936439800076187,
          "mismatch": 0.0,
          "shared": 0.001878289389424026,
          "frac_one_sided": 0.0,
          "frac_both_zero": 0.0
        },
        "mu": {
          "dm": 0.0017932463670149446,
          "se": 0.00048662268090993166,
          "mismatch": 0.0,
          "shared": 0.0017932463670149446,
          "frac_one_sided": 0.0,
          "frac_both_zero": 0.0
        }
      }
    },
    {
      "n": 25,
      "TV": 0.03834697604179382,
      "TV_se": 0.0010268932541286932,
      "mismatch": 0.0,
      "per_pool": {
        "pi": {
          "dm": 0.03917009383440018,
          "se": 0.0015468322671949863,
          "mismatch": 0.0,
          "shared": 0.03917009383440018,
          "frac_one_sided": 0.0,
          "frac_both_zero": 0.0
        },
        "mu": {
          "dm": 0.03752385824918747,
          "se": 0.0013510547578334808,
          "mismatch": 0.0,
          "shared": 0.03752385824918747,
          "frac_one_sided": 0.0,
          "frac_both_zero": 0.0
        }
      }
    },
    {
      "n": 50,
      "TV": 0.07733432948589325,
      "TV_se": 0.0018836726810792716,
      "mismatch": 0.0,
      "per_pool": {
        "pi": {
          "dm": 0.07732878625392914,
          "se": 0.002712781075388193,
          "mismatch": 0.0,
          "shared": 0.07732878625392914,
          "frac_one_sided": 0.0,
          "frac_both_zero": 0.0
        },
        "mu": {
          "dm": 0.07733987271785736,
          "se": 0.00261413655243814,
          "mismatch": 0.0,
          "shared": 0.07733987271785736,
          "frac_one_sided": 0.0,
          "frac_both_zero": 0.0
        }
      }
    },
    {
      "n": 100,
      "TV": 0.1314878910779953,
      "TV_se": 0.0030283549702485916,
      "mismatch": 0.0,
      "per_pool": {
        "pi": {
          "dm": 0.13142263889312744,
          "se": 0.004242332652211189,
          "mismatch": 0.0,
          "shared": 0.13142263889312744,
          "frac_one_sided": 0.0,
          "frac_both_zero": 0.0
        },
        "mu": {
          "dm": 0.13155314326286316,
          "se": 0.004322770982980728,
          "mismatch": 0.0,
          "shared": 0.13155314326286316,
          "frac_one_sided": 0.0,
          "frac_both_zero": 0.0
        }
      }
    },
    {
      "n": 200,
      "TV": 0.2220587506890297,
      "TV_se": 0.00535464448540855,
      "mismatch": 0.0087890625,
      "per_pool": {
        "pi": {
          "dm": 0.2253873348236084,
          "se": 0.007785785477608442,
          "mismatch": 0.009765625,
          "shared": 0.2156217098236084,
          "frac_one_sided": 0.009765625,
          "frac_both_zero": 0.0
        },
        "mu": {
          "dm": 0.218730166554451,
          "se": 0.0073532587848603725,
          "mismatch": 0.0078125,
          "shared": 0.210917666554451,
          "frac_one_sided": 0.0078125,
          "frac_both_zero": 0.0
        }
      }
    },
    {
      "n": 300,
      "TV": 0.285058930516243,
      "TV_se": 0.006488907516142313,
      "mismatch": 0.0185546875,
      "per_pool": {
        "pi": {
          "dm": 0.2876044809818268,
          "se": 0.009501900523900986,
          "mismatch": 0.021484375,
          "shared": 0.2661201059818268,
          "frac_one_sided": 0.021484375,
          "frac_both_zero": 0.0
        },
        "mu": {
          "dm": 0.2825133800506592,
          "se": 0.008839545771479607,
          "mismatch": 0.015625,
          "shared": 0.2668883800506592,
          "frac_one_sided": 0.015625,
          "frac_both_zero": 0.0
        }
      }
    },
    {
      "n": 400,
      "TV": 0.33409686386585236,
      "TV_se": 0.007222276471356266,
      "mismatch": 0.0244140625,
      "per_pool": {
        "pi": {
          "dm": 0.3374210298061371,
          "se": 0.010412553325295448,
          "mismatch": 0.0234375,
          "shared": 0.3139835000038147,
          "frac_one_sided": 0.0234375,
          "frac_both_zero": 0.0
        },
        "mu": {
          "dm": 0.3307726979255676,
          "se": 0.010011185891926289,
          "mismatch": 0.025390625,
          "shared": 0.3053820729255676,
          "frac_one_sided": 0.025390625,
          "frac_both_zero": 0.0
        }
      }
    },
    {
      "n": 500,
      "TV": 0.3691069483757019,
      "TV_se": 0.007803237696429226,
      "mismatch": 0.03125,
      "per_pool": {
        "pi": {
          "dm": 0.37145963311195374,
          "se": 0.011277471669018269,
          "mismatch": 0.03125,
          "shared": 0.34020963311195374,
          "frac_one_sided": 0.03125,
          "frac_both_zero": 0.0
        },
        "mu": {
          "dm": 0.3667542636394501,
          "se": 0.010787989012897015,
          "mismatch": 0.03125,
          "shared": 0.3355042636394501,
          "frac_one_sided": 0.03125,
          "frac_both_zero": 0.0
        }
      }
    }
  ]
}