{
  "pools": {
    "pi": {
      "K": 8,
      "own_zero_cell_rep0": 0.0,
      "own_zero_traj_rep0": 0.0,
      "bit_agree_sample_vs_score0": 9.375000081490725e-05,
      "self_tv_halves": 0.000382704078219831,
      "reps_bit_identical": true
    },
    "mu": {
      "K": 8,
      "own_zero_cell_rep0": 0.0,
      "own_zero_traj_rep0": 0.0,
      "bit_agree_sample_vs_score0": 0.00010156250209547579,
      "self_tv_halves": 0.0,
      "reps_bit_identical": false
    }
  },
  "tv_vs_n": [
    {
      "n": 10,
      "TV": 0.030379469506442547,
      "TV_se": 0.0007951886499194644,
      "mismatch": 0.0,
      "per_pool": {
        "pi": {
          "dm": 0.030196914449334145,
          "se": 0.0011214367114007473,
          "mismatch": 0.0,
          "shared": 0.030196914449334145,
          "frac_one_sided": 0.0,
          "frac_both_zero": 0.0
        },
        "mu": {
          "dm": 0.03056202456355095,
          "se": 0.0011276877485215664,
          "mismatch": 0.0,
          "shared": 0.03056202456355095,
          "frac_one_sided": 0.0,
          "frac_both_zero": 0.0
        }
      }
    },
    {
      "n": 25,
      "TV": 0.044324301183223724,
      "TV_se": 0.0011874819691803649,
      "mismatch": 0.0,
      "per_pool": {
        "pi": {
          "dm": 0.04351770877838135,
          "se": 0.0016596305649727583,
          "mismatch": 0.0,
          "shared": 0.04351770877838135,
          "frac_one_sided": 0.0,
          "frac_both_zero": 0.0
        },
        "mu": {
          "dm": 0.0451308935880661,
          "se": 0.0016988466959446669,
          "mismatch": 0.0,
          "shared": 0.0451308935880661,
          "frac_one_sided": 0.0,
          "frac_both_zero": 0.0
        }
      }
    },
    {
      "n": 50,
      "TV": 0.1010943129658699,
      "TV_se": 0.0028020665070335117,
      "mismatch": 0.0029296875,
      "per_pool": {
        "pi": {
          "dm": 0.10198883712291718,
          "se": 0.004220281727612019,
          "mismatch": 0.00390625,
          "shared": 0.09808258712291718,
          "frac_one_sided": 0.00390625,
          "frac_both_zero": 0.0
        },
        "mu": {
          "dm": 0.10019978880882263,
          "se": 0.0036872115451842546,
          "mismatch": 0.001953125,
          "shared": 0.09824666380882263,
          "frac_one_sided": 0.001953125,
          "frac_both_zero": 0.0
        }
      }
    },
    {
      "n": 100,
      "TV": 0.20344914495944977,
      "TV_se": 0.006301743799759258,
      "mismatch": 0.0390625,
      "per_pool": {
        "pi": {
          "dm": 0.20905163884162903,
          "se": 0.009314309805631638,
          "mismatch": 0.044921875,
          "shared": 0.16412976384162903,
          "frac_one_sided": 0.044921875,
          "frac_both_zero": 0.0
        },
        "mu": {
          "dm": 0.1978466510772705,
          "se": 0.008490673266351223,
          "mismatch": 0.033203125,
          "shared": 0.1646435260772705,
          "frac_one_sided": 0.033203125,
          "frac_both_zero": 0.0
        }
      }
    },
    {
      "n": 200,
      "TV": 0.3440929502248764,
      "TV_se": 0.00897218275592231,
      "mismatch": 0.109375,
      "per_pool": {
        "pi": {
          "dm": 0.3455928862094879,
          "se": 0.012920635752379894,
          "mismatch": 0.115234375,
          "shared": 0.23035851120948792,
          "frac_one_sided": 0.115234375,
          "frac_both_zero": 0.0
        },
        "mu": {
          "dm": 0.3425930142402649,
          "se": 0.012452205643057823,
          "mismatch": 0.103515625,
          "shared": 0.2390773594379425,
          "frac_one_sided": 0.103515625,
          "frac_both_zero": 0.0
        }
      }
    },
    {
      "n": 300,
      "TV": 0.4403371661901474,
      "TV_se": 0.009897517427275222,
      "mismatch": 0.1689453125,
      "per_pool": {
        "pi": {
          "dm": 0.43727871775627136,
          "se": 0.014400972984731197,
          "mismatch": 0.1796875,
          "shared": 0.25759121775627136,
          "frac_one_sided": 0.1796875,
          "frac_both_zero": 0.0
        },
        "mu": {
          "dm": 0.44339561462402344,
          "se": 0.013581435196101665,
          "mismatch": 0.158203125,
          "shared": 0.2851925194263458,
          "frac_one_sided": 0.158203125,
          "frac_both_zero": 0.0
        }
      }
    },
    {
      "n": 400,
      "TV": 0.5057070255279541,
      "TV_se": 0.010250766295582622,
      "mismatch": 0.20703125,
      "per_pool": {
        "pi": {
          "dm": 0.5059988498687744,
          "se": 0.014866129495203495,
          "mismatch": 0.220703125,
          "shared": 0.2852957248687744,
          "frac_one_sided": 0.220703125,
          "frac_both_zero": 0.0
        },
        "mu": {
          "dm": 0.5054152011871338,
          "se": 0.014117755927145481,
          "mismatch": 0.193359375,
          "shared": 0.3120558559894562,
          "frac_one_sided": 0.193359375,
          "frac_both_zero": 0.0
        }
      }
    },
    {
      "n": 500,
      "TV": 0.5529993176460266,
      "TV_se": 0.010407267404348169,
      "mismatch": 0.2412109375,
      "per_pool": {
        "pi": {
          "dm": 0.5608446598052979,
          "se": 0.014957119710743427,
          "mismatch": 0.263671875,
          "shared": 0.29717281460762024,
          "frac_one_sided": 0.263671875,
          "frac_both_zero": 0.0
        },
        "mu": {
          "dm": 0.5451539754867554,
          "se": 0.014475131407380104,
          "mismatch": 0.21875,
          "shared": 0.32640397548675537,
          "frac_one_sided": 0.21875,
          "frac_both_zero": 0.0
        }
      }
    }
  ]
}