{
  "pools": {
    "pi": {
      "K": 8,
      "own_zero_cell_rep0": 0.0,
      "own_zero_traj_rep0": 0.0,
      "bit_agree_sample_vs_score0": 8.593749953433871e-05,
      "self_tv_halves": 0.00017731342813931406,
      "reps_bit_identical": true
    },
    "mu": {
      "K": 8,
      "own_zero_cell_rep0": 0.0,
      "own_zero_traj_rep0": 0.0,
      "bit_agree_sample_vs_score0": 7.812499825377017e-05,
      "self_tv_halves": 0.0,
      "reps_bit_identical": true
    }
  },
  "tv_vs_n": [
    {
      "n": 10,
      "TV": 0.035484276711940765,
      "TV_se": 0.0013670897703572783,
      "mismatch": 0.0009765625,
      "per_pool": {
        "pi": {
          "dm": 0.033682532608509064,
          "se": 0.001405967166647315,
          "mismatch": 0.0,
          "shared": 0.033682532608509064,
          "frac_one_sided": 0.0,
          "frac_both_zero": 0.0
        },
        "mu": {
          "dm": 0.03728602081537247,
          "se": 0.002344993408769369,
          "mismatch": 0.001953125,
          "shared": 0.03533289581537247,
          "frac_one_sided": 0.001953125,
          "frac_both_zero": 0.0
        }
      }
    },
    {
      "n": 25,
      "TV": 0.05936460196971893,
      "TV_se": 0.0018259217750916997,
      "mismatch": 0.0009765625,
      "per_pool": {
        "pi": {
          "dm": 0.05985347181558609,
          "se": 0.0021727122366428375,
          "mismatch": 0.0,
          "shared": 0.05985347181558609,
          "frac_one_sided": 0.0,
          "frac_both_zero": 0.0
        },
        "mu": {
          "dm": 0.058875732123851776,
          "se": 0.0029351802077144384,
          "mismatch": 0.001953125,
          "shared": 0.05692261457443237,
          "frac_one_sided": 0.001953125,
          "frac_both_zero": 0.0
        }
      }
    },
    {
      "n": 50,
      "TV": 0.11765145137906075,
      "TV_se": 0.003141105277958814,
      "mismatch": 0.0029296875,
      "per_pool": {
        "pi": {
          "dm": 0.11495410650968552,
          "se": 0.004302104003727436,
          "mismatch": 0.001953125,
          "shared": 0.11300098150968552,
          "frac_one_sided": 0.001953125,
          "frac_both_zero": 0.0
        },
        "mu": {
          "dm": 0.12034879624843597,
          "se": 0.004577998537570238,
          "mismatch": 0.00390625,
          "shared": 0.11644254624843597,
          "frac_one_sided": 0.00390625,
          "frac_both_zero": 0.0
        }
      }
    },
    {
      "n": 100,
      "TV": 0.2005593106150627,
      "TV_se": 0.0054842835733808284,
      "mismatch": 0.0185546875,
      "per_pool": {
        "pi": {
          "dm": 0.2029370367527008,
          "se": 0.007980098947882652,
          "mismatch": 0.021484375,
          "shared": 0.1814526617527008,
          "frac_one_sided": 0.021484375,
          "frac_both_zero": 0.0
        },
        "mu": {
          "dm": 0.19818158447742462,
          "se": 0.007525123655796051,
          "mismatch": 0.015625,
          "shared": 0.18255658447742462,
          "frac_one_sided": 0.015625,
          "frac_both_zero": 0.0
        }
      }
    },
    {
      "n": 200,
      "TV": 0.3190103769302368,
      "TV_se": 0.007993663723729175,
      "mismatch": 0.0634765625,
      "per_pool": {
        "pi": {
          "dm": 0.3341671824455261,
          "se": 0.011840001679956913,
          "mismatch": 0.076171875,
          "shared": 0.2579953074455261,
          "frac_one_sided": 0.076171875,
          "frac_both_zero": 0.0
        },
        "mu": {
          "dm": 0.3038535714149475,
          "se": 0.010742858052253723,
          "mismatch": 0.05078125,
          "shared": 0.2530723214149475,
          "frac_one_sided": 0.05078125,
          "frac_both_zero": 0.0
        }
      }
    },
    {
      "n": 300,
      "TV": 0.39658786356449127,
      "TV_se": 0.009109262058051815,
      "mismatch": 0.091796875,
      "per_pool": {
        "pi": {
          "dm": 0.4042130708694458,
          "se": 0.013477446511387825,
          "mismatch": 0.107421875,
          "shared": 0.2967911958694458,
          "frac_one_sided": 0.107421875,
          "frac_both_zero": 0.0
        },
        "mu": {
          "dm": 0.38896265625953674,
          "se": 0.012258591130375862,
          "mismatch": 0.076171875,
          "shared": 0.31279078125953674,
          "frac_one_sided": 0.076171875,
          "frac_both_zero": 0.0
        }
      }
    },
    {
      "n": 400,
      "TV": 0.4464718997478485,
      "TV_se": 0.009515739621684519,
      "mismatch": 0.11328125,
      "per_pool": {
        "pi": {
          "dm": 0.4560064971446991,
          "se": 0.013869687914848328,
          "mismatch": 0.130859375,
          "shared": 0.3251471519470215,
          "frac_one_sided": 0.130859375,
          "frac_both_zero": 0.0
        },
        "mu": {
          "dm": 0.4369373023509979,
          "se": 0.013031844049692154,
          "mismatch": 0.095703125,
          "shared": 0.3412341773509979,
          "frac_one_sided": 0.095703125,
          "frac_both_zero": 0.0
        }
      }
    },
    {
      "n": 500,
      "TV": 0.4997752755880356,
      "TV_se": 0.009657784332064991,
      "mismatch": 0.14453125,
      "per_pool": {
        "pi": {
          "dm": 0.5045042634010315,
          "se": 0.014075431041419506,
          "mismatch": 0.16796875,
          "shared": 0.3365355134010315,
          "frac_one_sided": 0.16796875,
          "frac_both_zero": 0.0
        },
        "mu": {
          "dm": 0.4950462877750397,
          "se": 0.013227752409875393,
          "mismatch": 0.12109375,
          "shared": 0.3739525079727173,
          "frac_one_sided": 0.12109375,
          "frac_both_zero": 0.0
        }
      }
    }
  ]
}