{
  "pools": {
    "pi": {
      "K": 8,
      "own_zero_cell_rep0": 0.0,
      "own_zero_traj_rep0": 0.0,
      "bit_agree_sample_vs_score0": 6.25000029685907e-05,
      "self_tv_halves": 0.002001425949856639,
      "reps_bit_identical": false
    },
    "mu": {
      "K": 8,
      "own_zero_cell_rep0": 0.0,
      "own_zero_traj_rep0": 0.0,
      "bit_agree_sample_vs_score0": 5.0781251047737896e-05,
      "self_tv_halves": 3.5762786865234375e-07,
      "reps_bit_identical": false
    }
  },
  "tv_vs_n": [
    {
      "n": 10,
      "TV": 0.037578754127025604,
      "TV_se": 0.0007300852355522515,
      "mismatch": 0.0,
      "per_pool": {
        "pi": {
          "dm": 0.03721722215414047,
          "se": 0.001074762549251318,
          "mismatch": 0.0,
          "shared": 0.03721722215414047,
          "frac_one_sided": 0.0,
          "frac_both_zero": 0.0
        },
        "mu": {
          "dm": 0.037940286099910736,
          "se": 0.0009884246392175555,
          "mismatch": 0.0,
          "shared": 0.037940286099910736,
          "frac_one_sided": 0.0,
          "frac_both_zero": 0.0
        }
      }
    },
    {
      "n": 25,
      "TV": 0.056992046535015106,
      "TV_se": 0.001343449069544943,
      "mismatch": 0.0,
      "per_pool": {
        "pi": {
          "dm": 0.05681213364005089,
          "se": 0.0017789184348657727,
          "mismatch": 0.0,
          "shared": 0.05681213364005089,
          "frac_one_sided": 0.0,
          "frac_both_zero": 0.0
        },
        "mu": {
          "dm": 0.057171959429979324,
          "se": 0.0020136709790676832,
          "mismatch": 0.0,
          "shared": 0.057171959429979324,
          "frac_one_sided": 0.0,
          "frac_both_zero": 0.0
        }
      }
    },
    {
      "n": 50,
      "TV": 0.12143523246049881,
      "TV_se": 0.0032978678866558064,
      "mismatch": 0.0048828125,
      "per_pool": {
        "pi": {
          "dm": 0.12064115703105927,
          "se": 0.005119224078953266,
          "mismatch": 0.0078125,
          "shared": 0.11282865703105927,
          "frac_one_sided": 0.0078125,
          "frac_both_zero": 0.0
        },
        "mu": {
          "dm": 0.12222930788993835,
          "se": 0.004158999305218458,
          "mismatch": 0.001953125,
          "shared": 0.12027618288993835,
          "frac_one_sided": 0.001953125,
          "frac_both_zero": 0.0
        }
      }
    },
    {
      "n": 100,
      "TV": 0.20897755026817322,
      "TV_se": 0.005836834589381379,
      "mismatch": 0.0263671875,
      "per_pool": {
        "pi": {
          "dm": 0.2157735526561737,
          "se": 0.008649908937513828,
          "mismatch": 0.033203125,
          "shared": 0.1825704276561737,
          "frac_one_sided": 0.033203125,
          "frac_both_zero": 0.0
        },
        "mu": {
          "dm": 0.20218154788017273,
          "se": 0.007839236408472061,
          "mismatch": 0.01953125,
          "shared": 0.18265029788017273,
          "frac_one_sided": 0.01953125,
          "frac_both_zero": 0.0
        }
      }
    },
    {
      "n": 200,
      "TV": 0.34702467918395996,
      "TV_se": 0.0085085437909843,
      "mismatch": 0.08984375,
      "per_pool": {
        "pi": {
          "dm": 0.35568928718566895,
          "se": 0.011931002140045166,
          "mismatch": 0.091796875,
          "shared": 0.26389244198799133,
          "frac_one_sided": 0.091796875,
          "frac_both_zero": 0.0
        },
        "mu": {
          "dm": 0.338360071182251,
          "se": 0.012133938260376453,
          "mismatch": 0.087890625,
          "shared": 0.250469446182251,
          "frac_one_sided": 0.087890625,
          "frac_both_zero": 0.0
        }
      }
    },
    {
      "n": 300,
      "TV": 0.4138340353965759,
      "TV_se": 0.009156178971317042,
      "mismatch": 0.111328125,
      "per_pool": {
        "pi": {
          "dm": 0.41631650924682617,
          "se": 0.012927335686981678,
          "mismatch": 0.111328125,
          "shared": 0.30498838424682617,
          "frac_one_sided": 0.111328125,
          "frac_both_zero": 0.0
        },
        "mu": {
          "dm": 0.4113515615463257,
          "se": 0.012970213778316975,
          "mismatch": 0.111328125,
          "shared": 0.3000234365463257,
          "frac_one_sided": 0.111328125,
          "frac_both_zero": 0.0
        }
      }
    },
    {
      "n": 400,
      "TV": 0.4740974009037018,
      "TV_se": 0.009604636816671928,
      "mismatch": 0.1328125,
      "per_pool": {
        "pi": {
          "dm": 0.47978073358535767,
          "se": 0.01352066732943058,
          "mismatch": 0.1328125,
          "shared": 0.34696823358535767,
          "frac_one_sided": 0.1328125,
          "frac_both_zero": 0.0
        },
        "mu": {
          "dm": 0.4684140682220459,
          "se": 0.013645063154399395,
          "mismatch": 0.1328125,
          "shared": 0.3356015682220459,
          "frac_one_sided": 0.1328125,
          "frac_both_zero": 0.0
        }
      }
    },
    {
      "n": 500,
      "TV": 0.527493417263031,
      "TV_se": 0.009871669205730063,
      "mismatch": 0.1650390625,
      "per_pool": {
        "pi": {
          "dm": 0.5351524353027344,
          "se": 0.014099891297519207,
          "mismatch": 0.171875,
          "shared": 0.3632773756980896,
          "frac_one_sided": 0.171875,
          "frac_both_zero": 0.0
        },
        "mu": {
          "dm": 0.5198343992233276,
          "se": 0.013820002786815166,
          "mismatch": 0.158203125,
          "shared": 0.36163130402565,
          "frac_one_sided": 0.158203125,
          "frac_both_zero": 0.0
        }
      }
    }
  ]
}