{
  "pools": {
    "pi": {
      "K": 8,
      "own_zero_cell_rep0": 0.0,
      "own_zero_traj_rep0": 0.0,
      "bit_agree_sample_vs_score0": 3.125000148429535e-05,
      "self_tv_halves": 0.0021571475081145763,
      "reps_bit_identical": true
    },
    "mu": {
      "K": 8,
      "own_zero_cell_rep0": 0.0,
      "own_zero_traj_rep0": 0.0,
      "bit_agree_sample_vs_score0": 1.5625000742147677e-05,
      "self_tv_halves": 0.0,
      "reps_bit_identical": false
    }
  },
  "tv_vs_n": [
    {
      "n": 10,
      "TV": 0.008218569681048393,
      "TV_se": 0.0006017478231273675,
      "mismatch": 0.0,
      "per_pool": {
        "pi": {
          "dm": 0.008246464654803276,
          "se": 0.0008200439042411745,
          "mismatch": 0.0,
          "shared": 0.008246464654803276,
          "frac_one_sided": 0.0,
          "frac_both_zero": 0.0
        },
        "mu": {
          "dm": 0.00819067470729351,
          "se": 0.0008808687562122941,
          "mismatch": 0.0,
          "shared": 0.00819067470729351,
          "frac_one_sided": 0.0,
          "frac_both_zero": 0.0
        }
      }
    },
    {
      "n": 25,
      "TV": 0.036703597754240036,
      "TV_se": 0.001227935012662448,
      "mismatch": 0.0,
      "per_pool": {
        "pi": {
          "dm": 0.03666618466377258,
          "se": 0.0016741396393626928,
          "mismatch": 0.0,
          "shared": 0.03666618466377258,
          "frac_one_sided": 0.0,
          "frac_both_zero": 0.0
        },
        "mu": {
          "dm": 0.03674101084470749,
          "se": 0.0017968177562579513,
          "mismatch": 0.0,
          "shared": 0.03674101084470749,
          "frac_one_sided": 0.0,
          "frac_both_zero": 0.0
        }
      }
    },
    {
      "n": 50,
      "TV": 0.10187626257538795,
      "TV_se": 0.00307673944226862,
      "mismatch": 0.0048828125,
      "per_pool": {
        "pi": {
          "dm": 0.1055385172367096,
          "se": 0.004871529992669821,
          "mismatch": 0.0078125,
          "shared": 0.0977260172367096,
          "frac_one_sided": 0.0078125,
          "frac_both_zero": 0.0
        },
        "mu": {
          "dm": 0.09821400791406631,
          "se": 0.003759454470127821,
          "mismatch": 0.001953125,
          "shared": 0.09626088291406631,
          "frac_one_sided": 0.001953125,
          "frac_both_zero": 0.0
        }
      }
    },
    {
      "n": 100,
      "TV": 0.20566709339618683,
      "TV_se": 0.006262939234963793,
      "mismatch": 0.0361328125,
      "per_pool": {
        "pi": {
          "dm": 0.2106991410255432,
          "se": 0.00911280419677496,
          "mismatch": 0.041015625,
          "shared": 0.1696835160255432,
          "frac_one_sided": 0.041015625,
          "frac_both_zero": 0.0
        },
        "mu": {
          "dm": 0.20063504576683044,
          "se": 0.00859386008232832,
          "mismatch": 0.03125,
          "shared": 0.16938507556915283,
          "frac_one_sided": 0.03125,
          "frac_both_zero": 0.0
        }
      }
    },
    {
      "n": 200,
      "TV": 0.30944521725177765,
      "TV_se": 0.00832740514068425,
      "mismatch": 0.08203125,
      "per_pool": {
        "pi": {
          "dm": 0.31168025732040405,
          "se": 0.011859467253088951,
          "mismatch": 0.0859375,
          "shared": 0.22574275732040405,
          "frac_one_sided": 0.0859375,
          "frac_both_zero": 0.0
        },
        "mu": {
          "dm": 0.30721017718315125,
          "se": 0.011693405918776989,
          "mismatch": 0.078125,
          "shared": 0.22908517718315125,
          "frac_one_sided": 0.078125,
          "frac_both_zero": 0.0
        }
      }
    },
    {
      "n": 300,
      "TV": 0.4064061939716339,
      "TV_se": 0.009359286391969973,
      "mismatch": 0.130859375,
      "per_pool": {
        "pi": {
          "dm": 0.39316558837890625,
          "se": 0.012977737933397293,
          "mismatch": 0.119140625,
          "shared": 0.27402496337890625,
          "frac_one_sided": 0.119140625,
          "frac_both_zero": 0.0
        },
        "mu": {
          "dm": 0.4196467995643616,
          "se": 0.01348937675356865,
          "mismatch": 0.142578125,
          "shared": 0.2770686745643616,
          "frac_one_sided": 0.142578125,
          "frac_both_zero": 0.0
        }
      }
    },
    {
      "n": 400,
      "TV": 0.46079228818416595,
      "TV_se": 0.009926018378891347,
      "mismatch": 0.16796875,
      "per_pool": {
        "pi": {
          "dm": 0.45320460200309753,
          "se": 0.013732356019318104,
          "mismatch": 0.15625,
          "shared": 0.29695460200309753,
          "frac_one_sided": 0.15625,
          "frac_both_zero": 0.0
        },
        "mu": {
          "dm": 0.4683799743652344,
          "se": 0.014336169697344303,
          "mismatch": 0.1796875,
          "shared": 0.2886924743652344,
          "frac_one_sided": 0.1796875,
          "frac_both_zero": 0.0
        }
      }
    },
    {
      "n": 500,
      "TV": 0.513036459684372,
      "TV_se": 0.010132682937909865,
      "mismatch": 0.2021484375,
      "per_pool": {
        "pi": {
          "dm": 0.5109318494796753,
          "se": 0.013970349915325642,
          "mismatch": 0.1953125,
          "shared": 0.3156193196773529,
          "frac_one_sided": 0.1953125,
          "frac_both_zero": 0.0
        },
        "mu": {
          "dm": 0.5151410698890686,
          "se": 0.0146804079413414,
          "mismatch": 0.208984375,
          "shared": 0.3061566650867462,
          "frac_one_sided": 0.208984375,
          "frac_both_zero": 0.0
        }
      }
    }
  ]
}