{
  "pools": {
    "pi": {
      "K": 8,
      "own_zero_cell_rep0": 0.0,
      "own_zero_traj_rep0": 0.0,
      "bit_agree_sample_vs_score0": 0.0002734375011641532,
      "self_tv_halves": 0.0023656052071601152,
      "reps_bit_identical": true
    },
    "mu": {
      "K": 8,
      "own_zero_cell_rep0": 0.0,
      "own_zero_traj_rep0": 0.0,
      "bit_agree_sample_vs_score0": 0.00018359374371357262,
      "self_tv_halves": 2.384185791015625e-07,
      "reps_bit_identical": false
    }
  },
  "tv_vs_n": [
    {
      "n": 10,
      "TV": 0.012064457405358553,
      "TV_se": 0.0004942014119239363,
      "mismatch": 0.0,
      "per_pool": {
        "pi": {
          "dm": 0.01236056536436081,
          "se": 0.0007074927561916411,
          "mismatch": 0.0,
          "shared": 0.01236056536436081,
          "frac_one_sided": 0.0,
          "frac_both_zero": 0.0
        },
        "mu": {
          "dm": 0.011768349446356297,
          "se": 0.0006902131135575473,
          "mismatch": 0.0,
          "shared": 0.011768349446356297,
          "frac_one_sided": 0.0,
          "frac_both_zero": 0.0
        }
      }
    },
    {
      "n": 25,
      "TV": 0.0405689999461174,
      "TV_se": 0.0011441925177669747,
      "mismatch": 0.0,
      "per_pool": {
        "pi": {
          "dm": 0.039679333567619324,
          "se": 0.0015885598259046674,
          "mismatch": 0.0,
          "shared": 0.039679333567619324,
          "frac_one_sided": 0.0,
          "frac_both_zero": 0.0
        },
        "mu": {
          "dm": 0.04145866632461548,
          "se": 0.0016471744747832417,
          "mismatch": 0.0,
          "shared": 0.04145866632461548,
          "frac_one_sided": 0.0,
          "frac_both_zero": 0.0
        }
      }
    },
    {
      "n": 50,
      "TV": 0.12029697746038437,
      "TV_se": 0.0036734951745190296,
      "mismatch": 0.0087890625,
      "per_pool": {
        "pi": {
          "dm": 0.11532233655452728,
          "se": 0.0053488947451114655,
          "mismatch": 0.009765625,
          "shared": 0.10555671155452728,
          "frac_one_sided": 0.009765625,
          "frac_both_zero": 0.0
        },
        "mu": {
          "dm": 0.12527161836624146,
          "se": 0.005036625079810619,
          "mismatch": 0.0078125,
          "shared": 0.11745911836624146,
          "frac_one_sided": 0.0078125,
          "frac_both_zero": 0.0
        }
      }
    },
    {
      "n": 100,
      "TV": 0.21853995323181152,
      "TV_se": 0.006562794014097909,
      "mismatch": 0.04296875,
      "per_pool": {
        "pi": {
          "dm": 0.20705795288085938,
          "se": 0.009000090882182121,
          "mismatch": 0.037109375,
          "shared": 0.16994857788085938,
          "frac_one_sided": 0.037109375,
          "frac_both_zero": 0.0
        },
        "mu": {
          "dm": 0.23002195358276367,
          "se": 0.009554026648402214,
          "mismatch": 0.048828125,
          "shared": 0.18119382858276367,
          "frac_one_sided": 0.048828125,
          "frac_both_zero": 0.0
        }
      }
    },
    {
      "n": 200,
      "TV": 0.33204250037670135,
      "TV_se": 0.00879810997291842,
      "mismatch": 0.0986328125,
      "per_pool": {
        "pi": {
          "dm": 0.3286137580871582,
          "se": 0.012530557811260223,
          "mismatch": 0.099609375,
          "shared": 0.229004368185997,
          "frac_one_sided": 0.099609375,
          "frac_both_zero": 0.0
        },
        "mu": {
          "dm": 0.3354712426662445,
          "se": 0.01235362607985735,
          "mismatch": 0.09765625,
          "shared": 0.2378149926662445,
          "frac_one_sided": 0.09765625,
          "frac_both_zero": 0.0
        }
      }
    },
    {
      "n": 300,
      "TV": 0.42434513568878174,
      "TV_se": 0.009729990335522623,
      "mismatch": 0.150390625,
      "per_pool": {
        "pi": {
          "dm": 0.4304720163345337,
          "se": 0.013850233517587185,
          "mismatch": 0.162109375,
          "shared": 0.2683626413345337,
          "frac_one_sided": 0.162109375,
          "frac_both_zero": 0.0
        },
        "mu": {
          "dm": 0.4182182550430298,
          "se": 0.013669743202626705,
          "mismatch": 0.138671875,
          "shared": 0.2795463502407074,
          "frac_one_sided": 0.138671875,
          "frac_both_zero": 0.0
        }
      }
    },
    {
      "n": 400,
      "TV": 0.5121461153030396,
      "TV_se": 0.010473445504596085,
      "mismatch": 0.2197265625,
      "per_pool": {
        "pi": {
          "dm": 0.5215591192245483,
          "se": 0.014602674171328545,
          "mismatch": 0.224609375,
          "shared": 0.29694974422454834,
          "frac_one_sided": 0.224609375,
          "frac_both_zero": 0.0
        },
        "mu": {
          "dm": 0.5027331113815308,
          "se": 0.015017794445157051,
          "mismatch": 0.21484375,
          "shared": 0.28788939118385315,
          "frac_one_sided": 0.21484375,
          "frac_both_zero": 0.0
        }
      }
    },
    {
      "n": 500,
      "TV": 0.585683286190033,
      "TV_se": 0.010656810729307532,
      "mismatch": 0.2880859375,
      "per_pool": {
        "pi": {
          "dm": 0.5968149900436401,
          "se": 0.014730041846632957,
          "mismatch": 0.291015625,
          "shared": 0.30579933524131775,
          "frac_one_sided": 0.291015625,
          "frac_both_zero": 0.0
        },
        "mu": {
          "dm": 0.5745515823364258,
          "se": 0.01540442556142807,
          "mismatch": 0.28515625,
          "shared": 0.2893953323364258,
          "frac_one_sided": 0.28515625,
          "frac_both_zero": 0.0
        }
      }
    }
  ]
}