{
  "engines": {
    "vllm": {
      "replay": {
        "K": 8,
        "pairwise_bit_agree_vs_rep0": [
          1.0,
          1.0,
          1.0,
          0.9988086223602295,
          0.998648464679718,
          0.9999960660934448,
          1.0,
          0.998855471611023
        ],
        "own_zero_cell_per_rep": [
          0.0,
          0.0,
          0.0,
          0.0,
          0.0,
          0.0,
          0.0,
          0.0
        ],
        "miss_count_hist": {
          "0": 256000,
          "1": 0,
          "2": 0,
          "3": 0,
          "4": 0,
          "5": 0,
          "6": 0,
          "7": 0,
          "8": 0
        },
        "kavg_own_zero_cell": 0.0,
        "kavg_own_zero_traj": 0.0,
        "var_p_vs_t_binned": [
          0.0,
          0.0,
          0.0,
          0.0,
          0.0,
          0.0,
          0.0,
          0.0,
          0.0,
          4.89376930090657e-07
        ],
        "rep0_vs_sample": {
          "bit_agree": 0.0002734375011641532,
          "med_abs": 0.004982262849807739,
          "p99_abs": 0.3329467177391052,
          "max_abs": 1.2539955377578735,
          "own_zero_cell": 0.0
        },
        "absdiff_vs_t_binned": [
          0.012773966416716576,
          0.029979461804032326,
          0.029134057462215424,
          0.024680757895112038,
          0.023424124345183372,
          0.03025144338607788,
          0.042235251516103745,
          0.04830404371023178,
          0.04974846541881561,
          0.04785020276904106
        ]
      },
      "seq": {
        "K": 16,
        "pairwise_bit_agree_vs_rep0": [
          1.0,
          1.0,
          1.0,
          1.0,
          1.0,
          1.0,
          1.0,
          1.0,
          1.0,
          0.9984375238418579,
          1.0,
          0.9984375238418579,
          1.0,
          1.0,
          1.0,
          1.0
        ],
        "own_zero_cell_per_rep": [
          1.5625000742147677e-05,
          1.5625000742147677e-05,
          1.5625000742147677e-05,
          1.5625000742147677e-05,
          1.5625000742147677e-05,
          1.5625000742147677e-05,
          1.5625000742147677e-05,
          1.5625000742147677e-05,
          1.5625000742147677e-05,
          1.5625000742147677e-05,
          1.5625000742147677e-05,
          1.5625000742147677e-05,
          1.5625000742147677e-05,
          1.5625000742147677e-05,
          1.5625000742147677e-05,
          1.5625000742147677e-05
        ],
        "miss_count_hist": {
          "0": 255996,
          "1": 0,
          "2": 0,
          "3": 0,
          "4": 0,
          "5": 0,
          "6": 0,
          "7": 0,
          "8": 0,
          "9": 0,
          "10": 0,
          "11": 0,
          "12": 0,
          "13": 0,
          "14": 0,
          "15": 0,
          "16": 4
        },
        "kavg_own_zero_cell": 1.5625000742147677e-05,
        "kavg_own_zero_traj": 0.005859375,
        "var_p_vs_t_binned": [
          0.0,
          2.70592925843971e-09,
          1.9745039381291463e-08,
          1.8487405384348676e-08,
          3.042188012614133e-08,
          2.2310487679533253e-08,
          4.713837853387304e-08,
          8.606926371612644e-08,
          3.149532190604987e-08,
          4.8550532483204734e-08
        ],
        "rep0_vs_sample": {
          "bit_agree": 0.00025781651493161917,
          "med_abs": 0.005115628242492676,
          "p99_abs": 0.33822759985923767,
          "max_abs": 1.2539955377578735,
          "own_zero_cell": 1.5625000742147677e-05
        },
        "absdiff_vs_t_binned": [
          0.013048361986875534,
          0.03056383691728115,
          0.029866326600313187,
          0.025372780859470367,
          0.024015996605157852,
          0.030853627249598503,
          0.04301216080784798,
          0.04915304109454155,
          0.05067983269691467,
          0.04873589426279068
        ]
      },
      "shape_diag_256": {
        "bit_agree": 0.002931256080046296,
        "med_abs": 0.010395348072052002,
        "max_abs": 0.47301292419433594,
        "xor_zero_cell": 0.0005351562285795808
      }
    },
    "sglang": {
      "replay": {
        "K": 8,
        "pairwise_bit_agree_vs_rep0": [
          1.0,
          0.9990664124488831,
          0.9990664124488831,
          0.9990664124488831,
          0.9990664124488831,
          0.9990664124488831,
          0.9990664124488831,
          0.9990664124488831
        ],
        "own_zero_cell_per_rep": [
          0.0,
          0.0,
          0.0,
          0.0,
          0.0,
          0.0,
          0.0,
          0.0
        ],
        "miss_count_hist": {
          "0": 256000,
          "1": 0,
          "2": 0,
          "3": 0,
          "4": 0,
          "5": 0,
          "6": 0,
          "7": 0,
          "8": 0
        },
        "kavg_own_zero_cell": 0.0,
        "kavg_own_zero_traj": 0.0,
        "var_p_vs_t_binned": [
          1.2389648497684175e-13,
          0.0,
          0.0,
          0.0,
          0.0,
          0.0,
          0.0,
          0.0,
          0.0,
          0.0
        ],
        "rep0_vs_sample": {
          "bit_agree": 0.00018359374371357262,
          "med_abs": 0.005092501640319824,
          "p99_abs": 0.33305615186691284,
          "max_abs": 1.1040828227996826,
          "own_zero_cell": 0.0
        },
        "absdiff_vs_t_binned": [
          0.01233531441539526,
          0.029330680146813393,
          0.028884675353765488,
          0.023124394938349724,
          0.02271619625389576,
          0.03253687545657158,
          0.0435049869120121,
          0.04887885972857475,
          0.051236700266599655,
          0.04820011183619499
        ]
      },
      "seq": {
        "K": 16,
        "pairwise_bit_agree_vs_rep0": [
          1.0,
          0.9984335899353027,
          0.9984335899353027,
          0.9984335899353027,
          0.9984335899353027,
          0.9984335899353027,
          0.9984335899353027,
          0.9984335899353027,
          0.9984335899353027,
          0.9984335899353027,
          0.9984335899353027,
          0.9984335899353027,
          0.9984335899353027,
          0.9984335899353027,
          0.9984335899353027,
          0.9984335899353027
        ],
        "own_zero_cell_per_rep": [
          0.000980468699708581,
          0.000980468699708581,
          0.000980468699708581,
          0.000980468699708581,
          0.000980468699708581,
          0.000980468699708581,
          0.000980468699708581,
          0.000980468699708581,
          0.000980468699708581,
          0.000980468699708581,
          0.000980468699708581,
          0.000980468699708581,
          0.000980468699708581,
          0.000980468699708581,
          0.000980468699708581,
          0.000980468699708581
        ],
        "miss_count_hist": {
          "0": 255749,
          "1": 0,
          "2": 0,
          "3": 0,
          "4": 0,
          "5": 0,
          "6": 0,
          "7": 0,
          "8": 0,
          "9": 0,
          "10": 0,
          "11": 0,
          "12": 0,
          "13": 0,
          "14": 0,
          "15": 0,
          "16": 251
        },
        "kavg_own_zero_cell": 0.000980468699708581,
        "kavg_own_zero_traj": 0.373046875,
        "var_p_vs_t_binned": [
          0.0,
          7.726782547123889e-10,
          1.4564513151071878e-08,
          1.4810125570363653e-08,
          1.286417994350586e-08,
          1.261115123440959e-08,
          1.3400722309597768e-08,
          1.9354754243749994e-08,
          1.592479215162257e-08,
          1.0648964376969161e-08
        ],
        "rep0_vs_sample": {
          "bit_agree": 5.0831087719416246e-05,
          "med_abs": 0.017612487077713013,
          "p99_abs": 0.3556245267391205,
          "max_abs": 1.0488238334655762,
          "own_zero_cell": 0.000980468699708581
        },