{
 "kshuffle": {
  "mode": "percell",
  "n_seeds": 20,
  "master_seed": 20260710
 },
 "engine_n2000": {
  "theta": 0.6824979275465012,
  "bias": {
   "1": 0.002705196928701457,
   "2": 0.0019701052156715763,
   "4": 0.0014450161310591183,
   "8": 0.0010784868203103125,
   "16": 0.0008502316574700889
  },
  "VarZ": {
   "1": 0.08856117241084575,
   "2": 0.08854817748069763,
   "4": 0.0886011004447937,
   "8": 0.08867949731647969,
   "16": 0.08870485313236713
  },
  "saving_equal_acc_vs_best": 1.2779760848140942,
  "saving_vs_pilot_single": 4.4441589991507495,
  "min_rmse_ratio_vs_pilot_single": 0.7995061561825122,
  "kshuffle": {
   "mode": "percell",
   "n_seeds": 20,
   "master_seed": 20260710,
   "per_seed_saving_vs_best": [
    1.4333056515533569,
    1.267257641976963,
    1.4065299267076539,
    1.225122693102774,
    1.2623577838384208,
    1.25470794812398,
    1.2690545585176332,
    1.1905940624805238,
    1.2102992927320178,
    1.4706296250479611,
    1.251552120915407,
    1.167814867848465,
    1.2086561208828248,
    1.3938813604453688,
    1.4060882965820536,
    1.220010534378045,
    1.356841929607666,
    1.3237160387516818,
    1.17891072693641,
    1.6038254281463857
   ]
  },
  "singles": [
   1,
   2,
   4,
   8,
   16
  ],
  "ladder": [
   1,
   8
  ],
  "n_tok": 2000
 },
 "figdata": {
  "panel_a": {
   "title": "(a) budget efficiency: vllm vs sglang, n=2000",
   "ylog": true,
   "singles": [
    1,
    2,
    4,
    8,
    16
   ],
   "xs": [
    4.0964096,
    6.720859255138216,
    11.026716939482078,
    18.091211532290963,
    29.681720905902765,
    48.69793017252614,
    79.89726776982876,
    131.0851072,
    215.0674961644231,
    352.85494206342634,
    578.9187690333113,
    949.8150689888892,
    1558.3337655208377,
    2556.712568634522,
    4194.7234304
   ],
   "sing": {
    "1": [
     0.007110363135041939,
     0.0058028369912233296,
     0.00483546716355248,
     0.004136320433070724,
     0.0036449835117673356,
     0.003309920159577407,
     0.003087910257106405,
     0.0029443915543088165,
     0.0028533759508718635,
     0.00279644805227301,
     0.0027611741921774163,
     0.002739451646974521,
     0.0027261266629496662,
     0.002717972934749301,
     0.0027129911553235232
    ],
    "2": [
     0.009505086735002841,
     0.007522169401388792,
     0.006000319125985012,
     0.004843616181102035,
     0.003976855732773444,
     0.0033399823759979455,
     0.00288360232930807,
     0.002565910532882524,
     0.0023513028617932635,
     0.002210293158697415,
     0.002119746362066518,
     0.0020626065015847787,
     0.0020269884651869475,
     0.0020049682750634744,
     0.001991427225414699
    ],
    "4": [
     0.01323334681598336,
     0.010370816169560324,
     0.008146832252479624,
     0.006424139041445201,
     0.005096087284113132,
     0.0040798199099025476,
     0.003310755262912026,
     0.0027380055780685656,
     0.002320555403242964,
     0.0020242970926018,
     0.0018202018099628622,
     0.0016836944636009206,
     0.0015947597084258664,
     0.0015380267984413337,
     0.0015023942940564142
    ],
    "8": [
     0.018642285651271198,
     0.014569830919649127,
     0.011394789092016301,
     0.008921559613274257,
     0.006997737263590914,
     0.0055046897932463255,
     0.00435018196522305,
     0.003462564063907079,
     0.002786127405160164,
     0.002277303706337123,
     0.0019014878269554725,
     0.0016304342578328372,
     0.0014403766933303666,
     0.0013110532745008933,
     0.0012255283481176385
    ],
    "16": [
     0.026337458967770178,
     0.020568780047184577,
     0.016067049124085738,
     0.012554973828067662,
     0.009816215758345898,
     0.007682059808627946,
     0.006021011461417774,
     0.004730675810383949,
     0.0037314077180474006,
     0.0029613237150406518,
     0.0023723402652532223,
     0.0019269620351235635,
     0.0015956126822838739,
     0.0013544144360283158,
     0.0011834819815997241
    ]
   },
   "plL": [
    0.007187319764763972,
    0.005937700298511769,
    0.004975880946752385,
    0.004213055131949392,
    0.003618261248864764,
    0.0031491344204229105,
    0.002778071978604709,
    0.002458531031635477,
    0.002189499499176667,
    0.0019705712840182607,
    0.0017901079607955954,
    0.001623999470378268,
    0.0015030419521239132,
    0.001392007366499508,
    0.0013097994390768482
   ],
   "save": 1.2779760848140942
  },
  "panel_b": {
   "x": [
    1.024,
    1.1804557156856512,
    1.3608161100536345,
    1.5687335499120385,
    1.8084184427553776,
    2.084724499122977,
    2.403247022089476,
    2.7704362142871486,
    3.1937277969704887,
    3.6816935862089393,
    4.244215075433151,
    4.8926835394475265,
    5.640230712091723,
    6.501994708861752,
    7.49542657952511,
    8.640643698537657,
    9.96083714955271,
    11.482741353714315,
    13.237175451886763,
    15.259667404017103,
    17.591173443880855,
    20.278907458444127,
    23.37729708709061,
    26.949085902087518,
    31.06660398986601,
    35.81323266287106,
    41.28509296295525,
    47.592992149154234,
    54.864667586964266,
    63.247373478735554,
    72.91086281745937,
    84.05082494965066,
    96.89284835928633,
    111.69698892068608,
    128.76303612919986,
    148.43658395288267,
    171.11602924221998,
    197.26063941837057,
    227.3998528136935,
    262.144
   ],
   "curves": {
    "16": [
     0.38422623582245985,
     0.38281558984357733,
     0.38150174777432916,
     0.3802780665610644,
     0.3791383590218208,
     0.3780768625626712,
     0.37708821004087156,
     0.37616740262749243,
     0.375309784532319,
     0.3745110194632265,
     0.3737670687010013,
     0.3730741706787526,
     0.37242882196266275,
     0.3718277595379105,
     0.37126794431020227,
     0.37074654573949106,
     0.3702609275281886,
     0.3698086342915058,
     0.3693873791425272,
     0.36899503212924323,
     0.36862960946507867,
     0.36828926349846236,
     0.36797227337072413,
     0.367677036315082,
     0.3674020595527258,
     0.36714595274502393,
     0.3669074209636865,
     0.3666852581433434,
     0.3664783409834331,
     0.36628562326856395,
     0.3661061305786368,
     0.36593895536197796,
     0.365783252346572,
     0.365638234266195,
     0.365503167879835,
     0.3653773702642763,
     0.3652602053610996,
     0.36515108076064196,
     0.3650494447066514,
     0.3649547833064956
    ],
    "4,16": [
     0.3804941777125147,
     0.3793396398014492,
     0.37826433068717996,
     0.37726281338735945,
     0.37633002402611504,
     0.37546124623005817,
     0.37465208728133853,
     0.37389845590716575,
     0.3731965415934996,
     0.37254279531831236,
     0.3719339116070104,
     0.37136681181927905,
     0.37083862858284894,
     0.3703466912954771,
     0.3698885126218364,
     0.36946177591704105,
     0.36906432351321616,
     0.36869414580989013,
     0.36834937111304333,
     0.36802825617144164,
     0.36772917736240196,
     0.3674506224824257,
     0.3671911831011877,
     0.3669495474402259,
     0.3667244937403219,
     0.3665148840840366,
     0.3663196586421676,
     0.36613783031503594,
     0.3659684797415095,
     0.36581075065052476,
     0.3656638455316059,
     0.3655270216024894,
     0.365399587053464,
     0.3652808975494414,
     0.365170352972065,
     0.36506739438539026,
     0.3649715012097893,
     0.3648821885897951,
     0.36479900494257256,
     0.36472152967462407
    ],