{
 "pools": "n2000",
 "n": [
  10,
  25,
  50,
  100,
  200,
  300,
  500,
  750,
  1000,
  1250,
  1500,
  1750,
  2000
 ],
 "TV": [
  0.016619887331758357,
  0.04552434092676221,
  0.1192381695201979,
  0.2049112119760544,
  0.31892765348831775,
  0.40199517323579126,
  0.5412511623988658,
  0.6146251403968761,
  0.6411571746318476,
  0.6582704636010681,
  0.660399159627842,
  0.6699943442675971,
  0.6768738226958453
 ],
 "shared": [
  0.016619887331758357,
  0.04454777842676221,
  0.1084959820201979,
  0.1707315244760544,
  0.23299015348831775,
  0.26527642323579126,
  0.27660272489886584,
  0.2689220153968761,
  0.2505321746318476,
  0.2383485886010681,
  0.22289915962784201,
  0.20905684426759708,
  0.20128788519584528
 ],
 "mismatch": [
  0.0,
  0.0009765625,
  0.0107421875,
  0.0341796875,
  0.0859375,
  0.13671875,
  0.2646484375,
  0.345703125,
  0.390625,
  0.419921875,
  0.4375,
  0.4609375,
  0.4755859375
 ],
 "se": [
  0.0006820305670498236,
  0.0015455508279091082,
  0.003822694639761088,
  0.006191454329628234,
  0.008540895650770269,
  0.00949776125691857,
  0.010986177181608261,
  0.011189884412264747,
  0.011340610448934193,
  0.011369584465852386,
  0.011486802762993485,
  0.011364973007363204,
  0.011390016336762948
 ]
}