{
 "pools": "v2",
 "n": [
  10,
  25,
  50,
  100,
  200,
  300,
  400,
  500
 ],
 "TV": [
  0.012064462749219369,
  0.04056900505553107,
  0.12029696222681743,
  0.2185400095234082,
  0.3320424604339661,
  0.42434537799495575,
  0.5121462899251796,
  0.5856828914381343
 ],
 "shared": [
  0.012064462749219369,
  0.04056900505553107,
  0.11150789972681743,
  0.1755712595234082,
  0.23340964793396612,
  0.27395475299495575,
  0.29241972742517963,
  0.29759695393813435
 ],
 "mismatch": [
  0.0,
  0.0,
  0.0087890625,
  0.04296875,
  0.0986328125,
  0.150390625,
  0.2197265625,
  0.2880859375
 ],
 "se": [
  0.0004937187549936348,
  0.0011430750229076763,
  0.003669904929007334,
  0.006556380976604211,
  0.008789510450241603,
  0.009720482194538239,
  0.010463208610497671,
  0.010646414627471672
 ]
}