{
 "r": [
  1,
  2,
  4,
  8,
  16,
  32
 ],
 "floor": [
  0.35764,
  0.24813,
  0.17872,
  0.13294,
  0.09792,
  0.06226
 ],
 "auto_cudnn": [
  0.31639,
  0.23023,
  0.18035,
  0.12387,
  0.09221,
  0.06495
 ],
 "math_flash": [
  0.3989,
  0.3989,
  0.3989,
  0.3989,
  0.3989,
  0.3989
 ]
}