{
 "r": [
  1,
  2,
  4,
  8,
  16,
  32
 ],
 "floor": [
  0.34099,
  0.27765,
  0.18054,
  0.13298,
  0.09223,
  0.06887
 ],
 "auto_cudnn": [
  0.3528,
  0.29043,
  0.19454,
  0.13657,
  0.09257,
  0.06779
 ],
 "math_flash": [
  0.35661,
  0.34217,
  0.34227,
  0.33991,
  0.33946,
  0.33351
 ]
}